Deck-Selector,Card-Name
1st Place Exosister Deck 2022,"['Non-Fusion Area', 'Ghost Reaper & Winter Cherries', ""Elder Entity N'tss"", 'Divine Arsenal AA-ZEUS - Sky Thunder', 'Downerd Magician', 'Exosister Gibrine', 'Exosister Asophiel', 'Exosister Kaspitell', 'Exosister Mikailis', 'Exosisters Magnifica', 'Solemn Strike', 'Exosister Vadis', 'Exosister Returnia', 'Necrovalley', 'Exosister Arment', 'Exosister Pax', 'Exosister Carpedivem', 'Dimension Shifter', 'Exosister Irene', 'Exosister Elis', 'Exosister Stella', 'Exosister Sophia', 'Exosister Martha']"
BLUE-EYES DECK 2018,"['LANphorhynchus', 'Hip Hoshiningen', 'Blue-Eyes Spirit Dragon', 'Azure-Eyes Silver Dragon', 'Black Rose Moonlight Dragon', 'Cloudcastle', 'Galaxy-Eyes Cipher Blade Dragon', 'Number 95: Galaxy-Eyes Dark Matter Dragon', 'Galaxy-Eyes Full Armor Photon Dragon', 'Galaxy-Eyes Cipher Dragon', 'Blue-Eyes Twin Burst Dragon', 'The Ultimate Creature of Destruction', 'Trade-In', 'Bingo Machine, Go!!!', 'Soul Charge', 'Monster Reborn', 'Called by the Grave', ""Silver's Cry"", 'The Melody of Awakening Dragon', 'Ash Blossom & Joyous Spring', 'Arkbrave Dragon', 'The White Stone of Legend', 'The White Stone of Ancients', 'Master with Eyes of Blue', 'Sage with Eyes of Blue', 'Blue-Eyes Solid Dragon', 'Dragon Spirit of White', 'Blue-Eyes Alternative White Dragon', 'Blue-Eyes White Dragon', 'Blue-Eyes White Dragon', 'Blue-Eyes White Dragon']"
BLUE-EYES deck 2021,"['Monster Reborn', 'Reasoning', 'Five-Headed Dragon', 'King of the Swamp', 'Neo Kaiser Glider', 'Draco Masters of the Tenyi', 'Galaxy-Eyes Cipher Dragon', 'Galaxy-Eyes Full Armor Photon Dragon', 'Galaxy-Eyes Cipher Blade Dragon', 'Galaxy-Eyes Cipher X Dragon', 'Neo Blue-Eyes Ultimate Dragon', ""Harpie's Feather Duster"", 'Arkbrave Dragon', 'Blue-Eyes Solid Dragon', 'Dragon Spirit of White', 'Nibiru, the Primal Being']"
Blackwing Deck 2021,"['Droll & Lock Bird', 'The Phantom Knights of Rusty Bardiche', 'Raidraptor - Wise Strix', 'Predaplant Verte Anaconda', 'Time Thief Redoer', 'Raidraptor - Ultimate Falcon', 'Raidraptor - Force Strix', 'Raidraptor - Arsenal Falcon', ""Raider's Knight"", 'Number 24: Dragulas the Vampiric Dragon', 'Arc Rebellion Xyz Dragon', 'Blackwing Full Armor Master', 'Red-Eyes Dark Dragoon', 'The Phantom Knights of Shade Brigandine', ""Phantom Knights' Fog Blade"", 'Red-Eyes Fusion', 'Rank-Up-Magic Soul Shave Force', ""Phantom Knights' Rank-Up-Magic Force"", 'Black Whirlwind', 'Red-Eyes Black Dragon', 'Dark Magician', 'The Phantom Knights of Silent Boots', 'The Phantom Knights of Ancient Cloak', 'Raidraptor - Strangle Lanius', 'Blackwing - Zephyros the Elite', 'Blackwing - Simoon the Poison Wind', 'Blackwing - Oroshi the Squall', 'Blackwing - Kris the Crack of Dawn', 'Blackwing - Harmattan the Dust', 'Blackwing - Gale the Whirlwind', 'Blackwing - Bora the Spear', 'Blackwing - Auster the South Wind']"
Blue Eyes White Dragon 2019 Pure Build,"['Dragon Revival Rhapsody', 'Maiden with Eyes of Blue', 'Master with Eyes of Blue', 'Ghost Ogre & Snow Rabbit', 'Gameciel, the Sea Turtle Kaiju', 'Hip Hoshiningen', 'Number 90: Galaxy-Eyes Photon Lord', 'Black Rose Moonlight Dragon', 'Crystal Wing Synchro Dragon', ""Silver's Cry"", 'Glow-Up Bulb', 'Amorphage Goliath', 'Blue-Eyes White Dragon']"
Blue-Eyes 2022,"['Skill Drain', 'Royal Decree', 'Imperial Order', 'A Wingbeat of Giant Dragon', 'Lightning Storm', 'First of the Dragons', 'Nibiru, the Primal Being', 'Predaplant Verte Anaconda', 'Relinquished Anima', 'Hieratic Seal of the Heavenly Spheres', 'Accesscode Talker', 'Selene, Queen of the Master Magicians', 'Crystron Halqifibrax', 'Number 100: Numeron Dragon', 'Number 97: Draglubion', 'Virtual World Kyubi - Shenshen', 'Blue-Eyes Alternative Ultimate Dragon', ""Ice Dragon's Prison"", 'True Light', 'Destined Rivals', 'Pot of Avarice', 'Upstart Goblin', ""Harpie's Feather Duster"", 'Polymerization', 'Gameciel, the Sea Turtle Kaiju', 'Nebula Dragon', 'Chaos Dragon Levianeer', 'Blue-Eyes Abyss Dragon']"
Blue-Eyes Chaos MAX Dragon,"['Blue-Eyes Twin Burst Dragon', 'Blue-Eyes Alternative Ultimate Dragon', 'Linkuriboh', 'Crystron Halqifibrax', 'Selene, Queen of the Master Magicians', 'Accesscode Talker', 'Dingirsu, the Orcust of the Evening Star', 'Number 100: Numeron Dragon', 'Number 38: Hope Harbinger Dragon Titanic Galaxy', 'Number 97: Draglubion', 'Stardust Spark Dragon', 'Azure-Eyes Silver Dragon', 'Blue-Eyes Spirit Dragon', 'True Light', 'The Ultimate Creature of Destruction', 'Trade-In', 'The Melody of Awakening Dragon', 'Bingo Machine, Go!!!', 'Cards of Consonance', 'Piercing the Darkness', 'Chaos Form', 'Polymerization', 'One for One', 'Blue-Eyes Chaos MAX Dragon', 'Nebula Dragon', 'Chaos Dragon Levianeer', 'The White Stone of Ancients', 'The White Stone of Legend', 'Sage with Eyes of Blue', 'Blue-Eyes Abyss Dragon', 'Blue-Eyes Alternative White Dragon', 'Blue-Eyes White Dragon']"
Blue-Eyes Chaos MAX Dragon OTK 2020,"['Twin Twisters', 'Evenly Matched', 'The Winged Dragon of Ra - Sphere Mode', 'Gizmek Kaku, the Supreme Shining Sky Stag', 'Creature Swap', 'Dark Ruler No More', 'Number 22: Zombiestein', 'Knightmare Cerberus', 'Knightmare Phoenix', 'Knightmare Unicorn', 'Number 77: The Seven Sins', 'Number 84: Pain Gainer', 'Number 23: Lancelot, Dark Knight of the Underworld', ""Shien's Spy"", 'Advanced Ritual Art', 'Chaos Form', 'Bingo Machine, Go!!!', 'Pot of Extravagance', 'The Melody of Awakening Dragon', 'Blue-Eyes Chaos Dragon', 'Blue-Eyes Chaos MAX Dragon', 'Impcantation Penciplume', 'Impcantation Candoll', 'Impcantation Bookstone', 'Impcantation Talismandra', 'Blue-Eyes Alternative White Dragon', 'Blue-Eyes White Dragon']"
"Blue-Eyes Meta Deck 2020 , New Rules",['Deep-Eyes White Dragon']
Blue-eyes Chaos Max Dragon DECK,"['Number 23: Lancelot, Dark Knight of the Underworld', 'Divine Dragon Knight Felgrand', 'Hieratic Sun Dragon Overlord of Heliopolis', 'Number 46: Dragluon', 'Blue-Eyes Spirit Dragon', 'Azure-Eyes Silver Dragon', 'Vermillion Dragon Mech', 'Blue-Eyes Twin Burst Dragon', 'Neo Blue-Eyes Ultimate Dragon', 'Blue-Eyes Alternative Ultimate Dragon', 'Chaos Form', 'Advanced Ritual Art', ""Silver's Cry"", 'The Melody of Awakening Dragon', 'Return of the Dragon Lords', 'Blue-Eyes Chaos MAX Dragon', 'Sage with Eyes of Blue', 'The White Stone of Ancients', 'Ghost Ogre & Snow Rabbit', 'Manju of the Ten Thousand Hands', 'Assault Wyvern', 'Dragon Spirit of White', 'Blue-Eyes Alternative White Dragon', 'Blue-Eyes White Dragon']"
Branded Despia,"['Zombie World', 'Necroworld Banshee', 'Gilti-Gearfried the Magical Steel Knight', 'Prank-Kids Weather Washer', 'Branded Banishment', 'Branded Sword', 'Branded in High Spirits', 'Albion the Shrouded Dragon', 'Springans Kitt', 'Tri-Brigade Mercourier', 'Brigrand the Glory Dragon', 'Titaniklad the Ash Dragon', 'Despian Proskenion', 'Despian Quaeritis', 'Guardian Chimera', 'Lubellion the Searing Dragon', 'Mirrorjade the Iceblade Dragon', 'Albion the Branded Dragon', 'Masquerade the Blazing Dragon', 'Fairy Tail - Snow', 'Frightfur Patchwork', 'Edge Imp Chain', 'Super Polymerization', 'Branded Lost', 'Branded in Red', 'Branded Opening', 'Branded Fusion', 'Dramaturge of Despia', 'Ad Libitum of Despia', 'Despian Comedy', 'Fallen of Albaz', 'Despian Tragedy', 'Aluber the Jester of Despia', 'Dimensional Barrier', 'Enemy Controller', 'Crossout Designator', 'Contact ""C""', 'Gimmick Puppet Nightmare', 'Neo-Spacian Aqua Dolphin', 'Elemental HERO Aqua Neos', 'Red-Eyes Dark Dragoon', 'Guardian Chimera', 'Brigrand the Glory Dragon', 'Sprind the Irondash Dragon', 'Lubellion the Searing Dragon', 'Albion the Branded Dragon', 'Mirrorjade the Iceblade Dragon', 'Rindbrumm the Striking Dragon', 'Predaplant Dragostapelia', 'Despian Proskenion', 'Granguignol the Dusk Dragon', 'Branded Expulsion', 'Branded Retribution', 'Book of Eclipse', 'Fusion Deployment', 'Branded in Red', 'Branded Lost', 'Branded Opening', 'Branded Fusion', 'Foolish Burial', 'Gold Sarcophagus', 'Dark Magician', 'Nibiru, the Primal Being', 'Ash Blossom & Joyous Spring', 'The Bystial Lubellion', 'Bystial Saronir', 'Albion the Shrouded Dragon', 'Springans Kitt', 'Fallen of Albaz', 'Blazing Cartesia, the Virtuous', 'Aluber the Jester of Despia', 'Tri-Brigade Mercourier', 'Ad Libitum of Despia', 'Despian Tragedy']"
Branded Kozmo Kuriboh,"['Relinquished Anima', 'World Gears of Theurlogical Demiurgy', 'Number 71: Rebarian Shark', 'Number 61: Volcasaurus', 'Number 42: Galaxy Tomahawk', 'Lubellion the Searing Dragon', 'Mirrorjade the Iceblade Dragon', ""Storm Dragon's Return"", 'Emergency Teleport', 'Branded Fusion', 'Kozmotown', 'Soul Absorption', 'Kozmo Tincan', 'Astral Kuriboh', 'Kozmo Strawman', 'Kozmo Soartroopers', 'Kozmo Farmgirl', 'Fallen of Albaz', 'Kozmo Goodwitch', 'Kozmoll Dark Lady', 'Kozmo Sliprider', 'Gizmek Uka, the Festive Fox of Fecundity', 'Kozmo Forerunner', 'Kozmo Dark Destroyer', 'Kozmo Dark Eclipser']"
Burn Deck,"['Shiba-Warrior Taro', 'Secret Barrel', 'Ojama Trio', 'Just Desserts', 'Dimension Wall', 'Ceasefire', 'Wave-Motion Cannon', ""Nightmare's Steelcage"", 'Mask of the Accursed', 'Chain Strike', 'Stealth Bird', 'Mecha-Dog Marron', 'Mecha Bunny', 'Ebon Magician Curran', 'Des Koala', 'Blast Sphere', 'Arcana Force 0 - The Fool']"
Buster Blader,"['Buster Blader, the Dragon Destroyer Swordsman', 'Void Ogre Dragon', 'Buster Dragon', 'Number 77: The Seven Sins', 'Number 84: Pain Gainer', 'Number 23: Lancelot, Dark Knight of the Underworld', 'Decode Talker', 'Proxy Dragon', 'Code Talker', 'Linkuriboh', 'Destruction Sword Flash', 'Prologue of the Destruction Swordsman', 'Destruction Sword Memories', 'Return of the Dragon Lords', 'Destruction Swordsman Fusion', 'Sacred Sword of Seven Stars', 'Where Arf Thou?', 'Allure of Darkness', 'Pot of Duality', 'Battle Fader', 'Robot Buster Destruction Sword', 'Wizard Buster Destruction Sword', 'Dragon Buster Destruction Sword', 'Buster Whelp of the Destruction Swordsman', 'Buster Blader', 'Buster Blader, the Destruction Swordmaster']"
Buster blader pure (master duel),"['Protector Whelp of the Destruction Swordsman', 'Beelze of the Diabolic Dragons', 'Buster Dragon', 'Buster Blader, the Dragon Destroyer Swordsman', 'Dragon Knight Draco-Equiste', 'Destruction Sword Flash', 'Trap Trick', 'Destruction Sword Memories', 'Prologue of the Destruction Swordsman', 'World Legacy Guardragon', 'Destruction Swordsman Fusion', 'Emblem of Dragon Destroyer', 'Cards of Consonance', 'Dragon Buster Destruction Sword', 'Wizard Buster Destruction Sword', 'Maxx ""C""', 'Buster Whelp of the Destruction Swordsman', 'Buster Blader, the Destruction Swordmaster', 'Buster Blader']"
CYBER DRAGON 1ST PLACE DECK,"['Cybernetic Hidden Technology', 'Machina Armored Unit', 'Cyber Network', 'Brilliant Fusion', 'Borreload Dragon', 'Chimeratech Overdragon', 'Number 61: Volcasaurus', 'Cyber Dragon Infinity', 'Sea Monster of Theseus', 'Cyber Eternity Dragon', 'Power Bond', 'Cyber Dragon Drei', 'Toon Cyber Dragon', 'Cyber Pharos']"
Control Gravekeeper's December 2020,"['Lost Wind', 'Dinowrestler Pankratops', 'Ghost Reaper & Winter Cherries']"
Crystal Beast,"['Dante, Traveler of the Burning Abyss', 'Wind-Up Zenmaines', 'Temtempo the Percussion Djinn', 'Leviair the Sea Dragon', 'Gagaga Cowboy', 'Number 52: Diamond Crab King', 'Number 82: Heartlandraco', 'Number S39: Utopia the Lightning', 'Crystal Bond', 'Crystal Conclave', 'Rainbow Gravity', 'Horn of the Phantom Beast', 'Torrential Tribute', 'Crystal Raigeki', 'Counter Gem', 'Ancient City - Rainbow Ruins', 'Crystal Release', 'Crystal Tree', 'Rainbow Bridge', 'Crystal Beacon', 'Crystal Abundance', 'Crystal Blessing', 'Crystal Promise', 'Crystal Master', 'Crystal Keeper', 'Crystal Beast Ruby Carbuncle', 'Crystal Beast Emerald Tortoise', 'Crystal Beast Cobalt Eagle', 'Crystal Beast Amethyst Cat', 'Crystal Beast Topaz Tiger', 'Crystal Beast Sapphire Pegasus', 'Crystal Beast Amber Mammoth', 'Rainbow Dragon']"
Cyber Dragon Deck 2020,"['Evenly Matched', 'DNA Surgery', 'Iron Draw', 'Qliphort Genius', 'Platinum Gadget', 'Honest', 'Cyber Dragon Sieger', 'Predaplant Verte Anaconda', 'Cyber Dragon Nova', 'Cyber Dragon Infinity', 'Chimeratech Rampage Dragon', 'Chimeratech Fortress Dragon', 'Chimeratech Megafleet Dragon', 'Gilti-Gearfried the Magical Steel Knight', 'Panzer Dragon', 'Cybernetic Overflow', 'Overload Fusion', 'Cyberload Fusion', 'Cyber Repair Plant', 'Cyber Revsystem', 'Cyber Emergency', 'Machine Duplication', 'Limiter Removal', 'Cyber Dragon Nachster', 'Cyber Dragon Vier', 'Cyber Dragon Herz', 'Cyber Dragon Core', 'Cyber Dragon', 'Gizmek Yata, the Gleaming Vanguard', 'Jizukiru, the Star Destroying Kaiju']"
Cyber Dragon OTK October 2019,"['Anti-Spell Fragrance', 'Cybernetic Overflow', 'Artifact Sanctum', 'Artifact Lancea', 'Artifact Scythe', 'Fantastical Dragon Phantazmay', 'Salamangreat Almiraj', 'Qliphort Genius', 'Cyber Dragon Sieger', 'Cyber Dragon Nova', 'Constellar Pleiades', 'Cyber Dragon Infinity', 'Chimeratech Rampage Dragon', 'Chimeratech Fortress Dragon', 'Cyber Twin Dragon', 'Chimeratech Megafleet Dragon', 'Cyberload Fusion', 'Cyber Repair Plant', 'Machine Duplication', 'Cyber Emergency', 'Cyber Revsystem', 'Overload Fusion', 'One for One', 'Cyber Dragon Herz', 'Cyber Dragon Nachster', 'Cyber Dragon Core', 'Galaxy Soldier', 'Cyber Dragon', 'Jizukiru, the Star Destroying Kaiju']"
Dark Magician (via EDGE515) V0.2,"['Eradicator Epidemic Virus', 'Dark Burning Magic', ""Summoner's Art"", 'The Eye of Timaeus', 'Dark Paladin', 'Amulet Dragon', 'Gagaga Magician', 'Chocolate Magician Girl', 'Elemental HERO Prisma', 'Dark Magician Girl', 'Princess Cologne', 'Daigusto Emeral', 'Number 66: Master Key Beetle', 'Number 39: Utopia', 'Number C39: Utopia Ray', 'Number S39: Utopia the Lightning', 'Ebon High Magician', 'Ebon Illusion Magician', 'Number 11: Big Eye', 'Gaia Dragon, the Thunder Charger', 'Mecha Phantom Beast Dracossack', 'Number 74: Master of Blades', 'Red-Eyes Flare Metal Dragon', 'CXyz Simon the Great Moral Leader', 'Number C6: Chronomaly Chaos Atlandis', 'Skill Drain', 'Eternal Soul', 'Dark Renewal', 'Magician Navigation', 'Wonder Wand', 'Dark Magical Circle', 'Illusion Magic', 'Dedication through Light and Darkness', 'Dark Magic Expanded', 'Dark Magic Veil', 'Dark Magic Attack', 'Allure of Darkness', 'Maxx ""C""', ""Magician's Rod"", 'Summoner Monk', 'Legion the Fiend Jester', 'Armageddon Knight', 'Magician of Dark Illusion', 'Dark Magician of Chaos', 'Dark Magician']"
Dark Magician 2017 (via Mina) V0.1,"['Secret Village of the Spellcasters', 'Radian, the Multidimensional Kaiju', 'Number 39: Utopia Beyond', 'Odd-Eyes Absolute Dragon', 'Odd-Eyes Meteorburst Dragon', 'Beelze of the Diabolic Dragons', ""Magician's Right Hand"", 'Dark Magic Inheritance', 'Card of Demise', 'Dark Magician']"
Dark Magician 2020,"['Number 11: Big Eye', 'Ebon Illusion Magician', 'Ebon High Magician', 'The Dark Magicians', 'Dark Magician the Dragon Knight', 'Skill Drain', 'Eternal Soul', 'Crackdown', 'Magician Navigation', 'Soul Servant', 'Secrets of Dark Magic', 'Dark Magical Circle', 'Secret Village of the Spellcasters', 'The Eye of Timaeus', 'Magician of Chaos', ""Magicians' Souls"", ""Magician's Rod"", 'Dark Magician Girl', 'Apprentice Illusion Magician', 'Magician of Dark Illusion', 'Dark Magician']"
Dark Magician Deck 2018 TCG,"['Underclock Taker', 'Crowley, the First Propheseer', 'Summon Sorceress', 'Borrelguard Dragon', 'Constellar Ptolemy M7', 'Ebon Illusion Magician', 'Dark Armed, the Dragon of Annihilation', 'Dark Paladin', 'Dark Paladin', 'Dark Magician the Dragon Knight', 'Eternal Soul', 'Magician Navigation', 'Dark Magical Circle', 'Illusion Magic', 'Spellbook of Knowledge', 'Dark Magic Attack', 'Spellbook Magician of Prophecy', ""Magician's Robe"", ""Magician's Rod"", 'Inari Fire', 'Apprentice Illusion Magician', 'Magician of Dark Illusion']"
Dark Magician Deck 2019,"[""Wee Witch's Apprentice"", 'Knightmare Cerberus', 'Magi Magi ☆ Magician Gal', 'Norito the Moral Leader', 'Dark Cavalry', 'Dark Paladin', 'Dark Magician the Dragon Knight', 'Spellbook of Secrets', 'Spellbook of Knowledge', 'Spellbook Magician of Prophecy', 'Dark Magician']"
Dark Magician Deck 2020,"['Sorcerer of Dark Magic', 'Dark Paladin', 'Magi Magi ☆ Magician Gal', 'Link Spider', 'Red-Eyes Flare Metal Dragon', 'Number 89: Diablosis the Mind Hacker', 'Predaplant Verte Anaconda', 'Day-Breaker the Shining Magical Warrior', 'Spellbook of Knowledge', 'Red-Eyes Fusion', 'Magicalized Fusion', 'Dark Magic Twin Burst', 'Bond Between Teacher and Student', 'Dark Burning Magic', 'Dark Magic Attack', 'Dark Magic Inheritance', 'Red-Eyes Black Dragon', 'Dark Magician Girl', 'Dark Magician', 'Dark Magician']"
Dark World pure deck 2022,"['Dark World Brainwashing', 'Terrible Deal', 'Dark World Grimoire', 'Gateway to Dark World', 'Dark World Lightning', 'Gren, Tactician of Dark World', 'Kahkki, Guerilla of Dark World', 'Brron, Mad King of Dark World', 'Goldd, Wu-Lord of Dark World', 'Latinum, Exarch of Dark World', 'Lucent, Netherlord of Dark World', 'Renge, Gatekeeper of Dark World', 'Zure, Knight of Dark World', ""Wee Witch's Apprentice"", 'Dharc the Dark Charmer, Gloomy', 'Masterking Archfiend', 'Black Luster Soldier - Soldier of Chaos', 'Saryuja Skull Dread', 'Unchained Abomination', 'Underworld Goddess of the Closed World', 'XX-clusion', 'Dark Smog', 'Dark Deal', 'The Forces of Darkness', 'The Gates of Dark World', 'Charge Into a Dark World', 'Dark World Dealings', 'Card Destruction', 'Ceruli, Guru of Dark World', 'Broww, Huntsman of Dark World', 'Beiige, Vanguard of Dark World', 'Snoww, Unlight of Dark World', 'Sillva, Warlord of Dark World', 'Reign-Beaux, Overlord of Dark World', 'Grapha, Dragon Lord of Dark World']"
Darklords (Master Duel),"['Apollousa, Bow of the Goddess', 'Herald of Mirage Lights', 'I:P Masquerena', 'Condemned Darklord', 'Accesscode Talker', 'Mekk-Knight Crusadia Avramax', 'Borrelsword Dragon', 'Baronne de Fleur', 'Millennium-Eyes Restrict', 'Allvain the Essence of Vanity', 'The First Darklord', 'The Sanctified Darklord', 'Darklord Uprising', 'Darklord Rebellion', 'Raigeki', 'Instant Fusion', ""Harpie's Feather Duster"", 'Darklord Contact', 'Banishment of the Darklords', 'Allure of Darkness', 'Herald of Orange Light', 'Darklord Ukoback', 'Indulged Darklord', 'Darklord Nasten', 'Archlord Kristya', 'Darklord Superbia', 'Darklord Tezcatlipoca', 'Darklord Ixchel', 'Darklord Morningstar']"
Dinosaur Deck 2020,"['Black Luster Soldier - Soldier of Chaos', 'Evilswarm Exciton Knight', 'Evolzar Dolkka', 'Evolzar Laggia', 'True King of All Calamities', 'Dragonic Diagram', 'Set Rotation', 'Double Evolution Pill', 'Lost World', 'Fossil Dig', 'Lightning Storm', 'Petiteranodon', 'Babycerasaurus', 'Souleating Oviraptor', 'Miscellaneousaurus', 'Giant Rex', 'Overtex Qoatlus', 'Dogoran, the Mad Flame Kaiju', 'True King Lithosagym, the Disaster', 'Gizmek Kaku, the Supreme Shining Sky Stag', 'True King Agnimazud, the Vanisher', 'Ultimate Conductor Tyranno']"
Dragon Link 1st place 2020,"['Martial Metal Marcher', 'Borreload Savage Dragon', 'Linkross', 'Guardragon Pisty', 'Guardragon Elpy', 'Protector Whelp of the Destruction Swordsman', 'Dragunity Knight - Romulus', 'Union Carrier', 'Borrelsword Dragon', 'Living Fossil', 'Boot Sector Launch', 'Dragon Shrine', 'World Legacy Guardragon', 'Quick Launch', 'Chaos Space', 'Omni Dragon Brotaur', 'Chaos Dragon Levianeer', 'Dragon Buster Destruction Sword', 'Dragon Ravine', 'Dragunity Divine Lance', 'Dragunity Phalanx', 'Red Rose Dragon', 'White Rose Dragon', 'Supreme King Dragon Darkwurm', 'Noctovision Dragon', 'Rokket Synchron', 'Silverrokket Dragon', 'Rokket Recharger', 'Rokket Tracer', 'Absorouter Dragon', 'White Dragon Wyverburster', 'Black Dragon Collapserpent', 'Black Metal Dragon', 'Starliege Seyfert']"
Dragonmaid deck 2019,"['Dragonmaid Downtime', 'Infinite Impermanence', 'Super Polymerization', 'World Legacy Succession', ""Dragon's Mirror"", 'Pot of Desires', 'Return of the Dragon Lords', 'PSY-Framelord Lambda', 'Tempest, Dragon Ruler of Storms', 'Dragonmaid Ernus', 'Dragonmaid Tinkhec', 'Salamangreat Almiraj', 'Guardragon Elpy', 'Guardragon Pisty', 'Hieratic Seal of the Heavenly Spheres', 'Dragunity Knight - Romulus', 'Guardragon Agarpain', 'Knightmare Phoenix', 'Triple Burst Dragon', 'Saryuja Skull Dread', 'Borrelsword Dragon', 'Hot Red Dragon Archfiend Abyss', 'House Dragonmaid', 'Dragonmaid Downtime', 'Dragonmaid Welcome', 'Dragon Ravine', 'Dragonmaid Changeover', 'Called by the Grave', 'Monster Reborn', 'Dragonmaid Hospitality', 'World Legacy Guardragon', ""Destrudo the Lost Dragon's Frisson"", 'Ash Blossom & Joyous Spring', 'Dragonmaid Nudyarl', 'Dragonmaid Ernus', 'Dragonmaid Lorpar', 'Dragonmaid Tinkhec', 'Red-Eyes Darkness Metal Dragon', 'Laundry Dragonmaid', 'Nurse Dragonmaid', 'Parlor Dragonmaid', 'Kitchen Dragonmaid']"
Dragons with Eyes of Blue (via 7kolt) V0.3,"['Breakthrough Skill', 'D.D.R. - Different Dimension Reincarnation', 'Advanced Ritual Art', 'A Wingbeat of Giant Dragon', 'Thunder End Dragon', 'Michael, the Arch-Lightsworn', ""Vanity's Emptiness"", 'Solemn Strike', 'Quaking Mirror Force']"
Egyptian God Deck,"['Bound Wand', 'Holactie the Creator of Light', 'Dark Illusion', 'Domain of the True Monarchs', 'Restoration of the Monarchs', 'Scapegoat', 'Precious Cards from Beyond', 'Draining Shield', 'The Golden Apples', 'Rainbow Life', 'Overwhelm', 'Dark Bribe', 'Negate Attack', 'Delg the Dark Monarch', 'The First Monarch', 'The Prime Monarch', 'The Monarchs Stormforth', 'March of the Monarchs', ""Ra's Disciple"", 'Apprentice Illusion Magician', 'Monster Reincarnation', 'Mound of the Bound Creator', 'Pot of Duality', 'The True Name', 'Arcane Barrier', 'Fires of Doomsday', 'Scapeghost', ""Gravekeeper's Spy"", 'Obelisk the Tormentor', 'The Winged Dragon of Ra - Sphere Mode', 'The Winged Dragon of Ra - Immortal Phoenix', 'The Winged Dragon of Ra', 'Slifer the Sky Dragon']"
Elemental HERO,"['Xtra HERO Wonder Driver', 'Elemental HERO Gaia', 'Masked HERO Dark Law', 'Masked HERO Koga', 'Elemental HERO Absolute Zero', 'Elemental HERO Escuridao', 'Masked HERO Acid', 'Elemental HERO The Shining', 'Elemental HERO Nova Master', 'Masked HERO Divine Wind', 'Masked HERO Anki', 'Elemental HERO Great Tornado', 'Masked HERO Dian', 'Solemn Warning', 'Solemn Judgment', 'Hero Signal', 'Storming Mirror Force', 'Mask Change', 'Miracle Fusion', 'R - Righteous Justice', 'Polymerization', 'A Hero Lives', 'E - Emergency Call', 'Elemental HERO Bubbleman', 'Elemental HERO Shadow Mist', 'Elemental HERO Woodsman', 'Elemental HERO Blazeman', 'Elemental HERO Solid Soldier', 'Elemental HERO Neos Alius', 'Elemental HERO Honest Neos', 'Elemental HERO Avian', 'Elemental HERO Burstinatrix', 'Elemental HERO Clayman', 'Elemental HERO Sparkman']"
Endymion Deck 2019,"[""Wee Witch's Apprentice"", 'Day-Breaker the Shining Magical Warrior', 'Knightmare Cerberus', 'Heavymetalfoes Electrumite', 'Knightmare Phoenix', 'Knightmare Unicorn', 'Zefra Metaltron', 'Borreload Dragon', 'Mekk-Knight Crusadia Avramax', 'Norito the Moral Leader', 'Ebon High Magician', 'Number 11: Big Eye', 'Odd-Eyes Absolute Dragon', 'Odd-Eyes Vortex Dragon', 'Magical Citadel of Endymion', 'Mythical Institution', 'Terraforming', 'Dragon Shrine', 'Spell Power Mastery', 'Pot of Desires', 'Mythical Beast Jackal', 'Servant of Endymion', 'Timegazer Magician', 'Magister of Endymion', 'Supreme King Dragon Darkwurm', 'Chronograph Sorcerer', 'Mythical Beast Jackal King', 'Supreme King Gate Zero', 'Endymion, the Mighty Master of Magic', 'Mythical Beast Master Cerberus']"
Exodia Deck,"['Drowning Mirror Force', 'Mirror Force', 'Common Charity', 'Threatening Roar', 'Defense Draw', 'Waboku', 'Shard of Greed', 'Pot of Duality', 'Gold Sarcophagus', 'Destiny Draw', 'Ancient Rules', 'Battle Fader', 'Cardcar D', 'Sangan', 'Exodia the Forbidden One', 'Destiny HERO - Dogma', 'Right Arm of the Forbidden One', 'Left Leg of the Forbidden One', 'Right Leg of the Forbidden One', 'Left Arm of the Forbidden One', 'Blue-Eyes White Dragon']"
Exodia Deck 2020,"['Anti-Spell Fragrance', 'Trickstar Reincarnation', 'Pot of Avarice', 'Solemn Judgment', 'Reckless Greed', 'Metaverse', 'Ledger of Legerdemain', 'Swords of Revealing Light', 'One Day of Peace', 'Magical Mallet', 'Draw of Fate', 'Swift Scarecrow', 'Cardcar D', 'Exodia the Forbidden One', 'Right Leg of the Forbidden One', 'Right Arm of the Forbidden One', 'Left Leg of the Forbidden One', 'Left Arm of the Forbidden One']"
FULL POWER DRAGON RULERS,"['Hand Destruction', 'Red-Eyes Darkness Metal Dragon', 'Knightmare Cerberus', 'Knightmare Phoenix', 'Tri-Gate Wizard', 'Firewall Dragon', 'Saryuja Skull Dread', 'Number 42: Galaxy Tomahawk', 'Mecha Phantom Beast Dracossack', 'Dark Armed, the Dragon of Annihilation', 'Crystal Wing Synchro Dragon', 'Graceful Charity', 'Glow-Up Bulb', 'Lightning, Dragon Ruler of Drafts', 'Burner, Dragon Ruler of Sparks', 'Stream, Dragon Ruler of Droplets', 'Reactan, Dragon Ruler of Pebbles', ""Destrudo the Lost Dragon's Frisson"", 'Redox, Dragon Ruler of Boulders', 'Tempest, Dragon Ruler of Storms', 'Tidal, Dragon Ruler of Waterfalls', 'Blaster, Dragon Ruler of Infernos']"
Fallen of Albaz,"['PSY-Framelord Omega', 'El Shaddoll Construct', 'Despian Quaeritis', 'Masquerade the Blazing Dragon', 'Titaniklad the Ash Dragon', 'Forbidden Droplet', 'Branded in White', 'Despia, Theater of the Branded', 'Branded in High Spirits', 'Dramaturge of Despia', 'Incredible Ecclesia, the Virtuous']"
Galaxy-Eyes Photon (via DevPro Users) V0.1,"['Wind-Up Zenmaines', 'Starliege Lord Galaxion', 'Hieratic Sun Dragon Overlord of Heliopolis', 'Number 107: Galaxy-Eyes Tachyon Dragon', 'Number 62: Galaxy-Eyes Prime Photon Dragon', 'Neo Galaxy-Eyes Photon Dragon', 'Number 95: Galaxy-Eyes Dark Matter Dragon', 'Number C107: Neo Galaxy-Eyes Tachyon Dragon', 'Twin Photon Lizard', 'Tachyon Transmigration', 'Tachyon Chaos Hole', 'Bottomless Trap Hole', 'Galaxy Zero', 'Rank-Up-Magic Quick Chaos', 'Mystical Space Typhoon', 'Galaxy Expedition', 'Accellight', 'Photon Sanctuary', 'Galaxy Cyclone', 'Galaxy-Eyes Cloudragon', 'Galaxy Mirror Sage', 'Photon Sabre Tiger', 'Galaxy Wizard', 'Photon Thrasher', 'Galaxy Soldier', 'Galaxy Knight', 'Galaxy-Eyes Photon Dragon']"
Gren Maju,"['Summon Limit', ""Harpie's Feather Duster"", 'Invoked Elysium', 'World Chalice Guardragon Almarduke', 'Eldlich the Mad Golden Lord', 'Number 84: Pain Gainer', 'Number 100: Numeron Dragon', 'Number 97: Draglubion', 'Interrupted Kaiju Slumber', 'Alpha, the Master of Beasts', 'Fairy Tail - Luna', 'Gadarla, the Mystery Dust Kaiju']"
Gren Maju OTK,"['There Can Be Only One', 'Eradicator Epidemic Virus', 'Twin Twisters', 'Cosmic Cyclone', 'PSY-Framegear Gamma', 'PSY-Frame Driver', 'Knightmare Mermaid', 'Barricadeborg Blocker', 'Knightmare Cerberus', 'Knightmare Phoenix', 'Knightmare Unicorn', 'Number 68: Sanaphond the Sky Prison', 'Dingirsu, the Orcust of the Evening Star', 'Number 38: Hope Harbinger Dragon Titanic Galaxy', 'Galaxy-Eyes Cipher Dragon', 'Galaxy-Eyes Full Armor Photon Dragon', 'Number 22: Zombiestein', 'Galaxy-Eyes Cipher Blade Dragon', 'Mudragon of the Swamp', 'Starving Venom Fusion Dragon', 'Salamangreat Violet Chimera', 'Golden Castle of Stromberg', 'Super Polymerization', 'Called by the Grave', 'Monster Reborn', 'Foolish Burial', 'Terraforming', 'Trade-In', 'Pot of Desires', 'Eater of Millions', 'Gren Maju Da Eiza', 'Glife the Phantom Bird', 'Dinowrestler Pankratops', 'Gizmek Orochi, the Serpentron Sky Slasher', 'Hexe Trude', 'Danger! Thunderbird!', 'Danger! Bigfoot!']"
Invoked Shaddoll (Master Duel),"['Gravity Controller', 'Secure Gardna', 'Salamangreat Almiraj', 'Starving Venom Fusion Dragon', 'El Shaddoll Apkallone', 'El Shaddoll Shekhinaga', 'El Shaddoll Winda', 'El Shaddoll Construct', 'Invoked Purgatrio', 'Invoked Augoeides', 'Invoked Mechaba', 'Shaddoll Core', 'Resh Shaddoll Incarnation', 'Shaddoll Schism', 'Spellbook of Knowledge', 'Super Polymerization', 'El Shaddoll Fusion', 'Shaddoll Fusion', 'Invocation', 'Magical Meltdown', 'Nibiru, the Primal Being', 'Naelshaddoll Ariel', 'Shaddoll Falco', 'Shaddoll Dragon', 'Shaddoll Beast', 'Shaddoll Hedgehog', 'Reeshaddoll Wendi', 'Shaddoll Squamata', 'Aleister the Invoker']"
Invoked Shaddoll Dogmatika,"['There Can Be Only One', 'Mystic Mine', ""Harpie's Feather Duster"", 'Dark Ruler No More', 'Cosmic Cyclone', 'Artifact Lancea', 'Secure Gardna', ""Elder Entity N'tss"", 'Titaniklad the Ash Dragon', 'El Shaddoll Winda', 'El Shaddoll Construct', 'Invoked Raidjin', 'Invoked Purgatrio', 'Invoked Augoeides', 'Invoked Mechaba', 'Dogmatika Punishment', 'Shaddoll Schism', 'Foolish Burial', 'Nadir Servant', 'Invocation', 'Terraforming', 'Magical Meltdown', 'Dogmatika Fleurdelis, the Knighted', 'Dogmatika Maximus', 'Dogmatika Ecclesia, the Virtuous', 'Aleister the Invoker']"
Jack Atlas Deck profile,"['Powerful Rebirth', 'Tuner Capture', 'Changing Destiny', 'Power Supplier', 'Vice Berserker', 'Red Wyvern', 'Red Rising Dragon', 'Exploder Dragonwing', 'Chaos King Archfiend', 'Scarlight Red Dragon Archfiend', 'Red Dragon Archfiend', 'Crimson Blader', 'Hot Red Dragon Archfiend Abyss', 'Tyrant Red Dragon Archfiend', 'Majestic Red Dragon', 'Hot Red Dragon Archfiend Bane', 'Red Nova Dragon', 'Hot Red Dragon Archfiend King Calamity', 'Multiple Piece Golem', 'Crimson Fire', 'Shadow Spell', 'Red Screen', 'King Scarlet', 'Reject Reborn', 'Red Carpet', ""King's Synchro"", 'Descending Lost Star', 'Resonant Destruction', 'Megamorph', 'Scarlet Security', 'Resonator Engine', 'Resonator Call', 'Red Dragon Vase', 'Polymerization', 'Mind Trust', 'De-Synchro', 'Red Mirror', 'Mirror Resonator', 'Majestic Dragon', 'Double Resonator', 'Barrier Resonator', 'Force Resonator', 'Small Piece Golem', 'Flare Resonator', 'Dark Resonator', 'Creation Resonator', 'Clock Resonator', 'Twin-Sword Marauder', 'Twin-Shield Defender', 'Red Sprinter', 'Red Gardna', 'Medium Piece Golem', 'Mad Archfiend', 'Lancer Archfiend', 'Vice Dragon', 'Big Piece Golem', 'Strong Wind Dragon', 'Red Warg', 'Red Dragon Archfiend/Assault Mode']"
Jaden Yuki Deck,"['Not Found', 'Elemental HERO Necroid Shaman', 'Elemental HERO Storm Neos', 'Elemental HERO Brave Neos', 'Elemental HERO Nebula Neos', 'Elemental HERO Mariner', 'Neo-Spacian Aqua Dolphin', 'Elemental HERO Gaia', 'Neo-Spacian Dark Panther', 'Neo-Spacian Glow Moss', 'Fake Hero', 'Elemental HERO Mudballman', 'Elemental HERO Dark Neos', 'Rainbow Neos', 'Elemental HERO Rampart Blaster', 'Elemental HERO Magma Neos', 'Elemental HERO Steam Healer', 'Elemental HERO Shining Flare Wingman', 'Elemental HERO Flame Wingman', 'Elemental HERO Air Neos', 'Elemental HERO Thunder Giant', 'Elemental HERO Wildedge', 'Elemental HERO Great Tornado', 'Elemental HERO Wild Wingman', 'Elemental HERO Plasma Vice', 'Elemental HERO Tempest', 'Elemental HERO Electrum', 'Neo-Spacian Grand Mole', 'Neo-Spacian Flare Scarab', 'Neo-Spacian Air Hummingbird', 'O - Oversoul', 'Hero Barrier', 'Hero Blast', 'A Hero Emerges', 'Hero Signal', 'Winged Kuriboh LV10', 'De-Fusion', 'Winged Kuriboh', 'Winged Kuriboh', 'Elemental HERO Prisma', 'Card Ejector', 'Necro Fusion', 'Fusion Recovery', 'Skyscraper', 'Elemental HERO Wildheart', 'Elemental HERO Bladedge', 'Transcendent Wings', 'The Flute of Summoning Kuriboh', 'Miracle Fusion', 'E - Emergency Call', 'Necro Gardna', 'Elemental HERO Neos', 'Elemental HERO Necroshade', 'Elemental HERO Clayman', 'Elemental HERO Sparkman', 'Elemental HERO Bubbleman', 'Card Trooper', 'Elemental HERO Avian', 'Elemental HERO Burstinatrix']"
Joey Wheeler Deck,"['Black Skull Dragon', 'Thousand Dragon', ""Alligator's Sword Dragon"", 'Pot of Greed', 'Question', 'Skull Dice', 'Scapegoat', 'Roulette Spider', 'Graceful Dice', 'Giant Trunade', 'Fairy Box', 'Shield & Sword', 'Copycat', 'Time Wizard', 'Lava Battleguard', 'Swamp Battleguard', 'Armored Lizard', 'Summoned Skull', 'Rocket Warrior', 'Panther Warrior', 'Jinzo', 'Hayabusa Knight', 'Gilford the Lightning', 'Gilford the Lightning', 'Gearfried the Iron Knight', 'Swordsman of Landstar', 'Little-Winguard', 'Garoozis', 'Blue Flame Swordsman', 'Battle Warrior', 'Axe Raider', 'Baby Dragon', ""Alligator's Sword"", ""Black Dragon's Chick""]"
Kaiju,"['Number 9: Dyson Sphere', 'Number 89: Diablosis the Mind Hacker', 'Number 68: Sanaphond the Sky Prison', 'Number 11: Big Eye', 'Number 62: Galaxy-Eyes Prime Photon Dragon', 'Neo Galaxy-Eyes Cipher Dragon', 'Number 95: Galaxy-Eyes Dark Matter Dragon', 'Galaxy-Eyes Cipher Blade Dragon', 'Galaxy-Eyes Cipher Dragon', 'Kyoutou Waterfront', 'Skill Drain', 'Remove Brainwashing', 'Cosmic Cyclone', 'Twin Twisters', 'Mystical Space Typhoon', 'Terraforming', 'Trade-In', 'Allure of Darkness', 'Thunder King, the Lightningstrike Kaiju', 'The Kaiju Files', 'Super Anti-Kaiju War Machine Mecha-Dogoran', 'Radian, the Multidimensional Kaiju', 'Kumongous, the Sticky String Kaiju', 'Kaiju Capture Mission', 'Jizukiru, the Star Destroying Kaiju', 'Interrupted Kaiju Slumber', 'Gameciel, the Sea Turtle Kaiju', 'Gadarla, the Mystery Dust Kaiju', 'Dogoran, the Mad Flame Kaiju']"
Kuriboh Deck,"['Slacker Magician', 'Number 39: Utopia Roots', 'Number 31: Embodiment of Punishment', 'Number 13: Embodiment of Crime', 'Mirror Force', 'Transcendent Wings', 'The Flute of Summoning Kuriboh', 'Multiply', 'Detonate', 'Winged Kuriboh', 'Winged Kuriboh', 'Relinkuriboh', 'Rainbow Kuriboh', 'Kurivolt', 'Kuriphoton', 'Kuribohrn', 'Kuriboh', 'Junkuriboh', 'Clear Kuriboh', 'Lightray Sorcerer', 'Lightray Diabolos', 'Black Luster Soldier - Envoy of the Beginning', 'Winged Kuriboh LV9', 'Winged Kuriboh LV10', 'Dystopia the Despondent']"
LIGHTSWORN DECK 2019,"['Borreload Dragon', 'Number 41: Bagooska the Terribly Tired Tapir', 'Eclipse Wyvern', 'Lumina, Twilightsworn Shaman', 'PSY-Framelord Zeta', 'Punishment Dragon', 'Summon Sorceress', 'Lyla, Twilightsworn Enchantress', 'Twilight Eraser', 'Lightsworn Judgment', 'Borrelguard Dragon', 'Amphibious Swarmship Amblowhale', 'Puzzlomino, the Drop-n-Deleter', 'Borreload Savage Dragon', 'Borrelsword Dragon', 'Curious, the Lightsworn Dominion', 'Minerva, the Exalted Lightsworn', 'Michael, the Arch-Lightsworn', 'PSY-Framelord Omega', 'Ib the World Chalice Justiciar', 'Mudragon of the Swamp', 'Black Luster Soldier - Envoy of the Beginning', 'World Legacy - ""World Chalice""', 'World Legacy Succession', ""Destrudo the Lost Dragon's Frisson"", 'Heroic Challenger - Thousand Blades', 'Glow-Up Bulb', 'Judgment Dragon', 'Garoth, Lightsworn Warrior', 'Felis, Lightsworn Archer', 'Solar Recharge', 'Raiden, Hand of the Lightsworn', 'Wulf, Lightsworn Beast', 'Charge of the Light Brigade', 'Lumina, Lightsworn Summoner', 'Diana the Light Spirit']"
Legendary Dragon Decks: Cyber Dragon,"['Cyber Dragon Infinity', 'Cyber Dragon Nova', 'Chimeratech Rampage Dragon', 'Chimeratech Fortress Dragon', 'Chimeratech Overdragon', 'Cyber Twin Dragon', 'Cyber End Dragon', 'Quaking Mirror Force', 'Storming Mirror Force', 'Cyber Shadow Gardna', 'Cyber Network', 'Machina Armored Unit', 'Limiter Removal', 'Future Fusion', 'Overload Fusion', 'Power Bond', 'Evolution Burst', 'Cybernetic Fusion Support', 'Cyber Repair Plant', 'Machina Fortress', 'Armored Cybern', 'Cyber Eltanin', 'Cyber Dinosaur', 'Cyber Phoenix', 'Cyber Valley', 'Proto-Cyber Dragon', 'Cyber Dragon Core', 'Cyber Dragon Drei', 'Cyber Dragon Zwei', 'Cyber Dragon']"
Master Duel - Exodia FTK,"['Chicken Game', 'Foolish Burial Goods', 'Broken Bamboo Sword', 'Piri Reis Map', 'Pot of Duality', 'Into the Void', 'Golden Bamboo Sword', 'Cursed Bamboo Sword', 'Double Summon', 'Magical Mallet', 'Dark Factory of Mass Production', 'Magical Stone Excavation', 'Card of Demise', 'Upstart Goblin', 'Anchamoufrite', 'Royal Magical Library', 'Left Leg of the Forbidden One', 'Left Arm of the Forbidden One', 'Exodia the Forbidden One', 'Right Arm of the Forbidden One', 'Right Leg of the Forbidden One']"
Master Duel HERO Deck 2022,"['Xtra HERO Cross Crusader', 'Xtra HERO Wonder Driver', 'Xtra HERO Dread Decimator', 'Destiny HERO - Dangerous', 'Masked HERO Blast', 'Masked HERO Dark Law', 'Elemental HERO Sunrise', 'Vision HERO Trinity', 'Elemental HERO Absolute Zero', 'Masked HERO Acid', 'Masked HERO Anki', 'Destiny HERO - Dystopia', 'Evil HERO Malicious Bane', 'D - Force', 'Forbidden Droplet', 'Mask Change', 'Fusion Destiny', 'Miracle Fusion', 'Dark Calling', 'A Hero Lives', 'Droll & Lock Bird', 'Ash Blossom & Joyous Spring', 'Vision HERO Increase', 'Vision HERO Vyon', 'Elemental HERO Shadow Mist', 'Elemental HERO Liquid Soldier', 'Destiny HERO - Drawhand', 'Elemental HERO Stratos', 'Evil HERO Adusted Gold', 'Vision HERO Faris', 'Destiny HERO - Malicious', 'Elemental HERO Honest Neos', 'Destiny HERO - Plasma']"
Master Duel Pendulum,"['Crystron Halqifibrax', 'Heavymetalfoes Electrumite', 'Selene, Queen of the Master Magicians', 'Evilswarm Nightmare', 'Timestar Magician', 'Norito the Moral Leader', 'Odd-Eyes Absolute Dragon', 'F.A. Dawn Dragster', 'Odd-Eyes Meteorburst Dragon', 'Odd-Eyes Vortex Dragon', 'Supreme King Dragon Starving Venom', 'Time Pendulumgraph', 'Pendulum Call', 'Duelist Alliance', 'Star Pendulumgraph', 'Tuning Magician', 'Timegazer Magician', 'Harmonizing Magician', 'Abyss Actor - Curtain Raiser', 'Purple Poison Magician', 'Performapal Pendulum Sorcerer', 'Performapal Celestial Magician', 'Double Iris Magician', 'Wisdom-Eye Magician', 'Performapal Skullcrobat Joker', 'Chronograph Sorcerer', 'Oafdragon Magician', 'Mythical Beast Jackal King', 'Dragonpit Magician', 'Astrograph Sorcerer', 'Endymion, the Mighty Master of Magic']"
Meta Blue Eyes Nov 2021- extremely competitive build,"['Imperial Order', 'Destined Rivals', 'Evenly Matched', 'Piercing the Darkness', 'Super Polymerization', 'Dark Ruler No More', 'Effect Veiler', 'Ghost Belle & Haunted Mansion', 'Ash Blossom & Joyous Spring', 'Artifact Lancea', 'Striker Dragon', 'Hieratic Seal of the Heavenly Spheres', 'I:P Masquerena', 'Crystron Halqifibrax', 'Knightmare Unicorn', 'Mekk-Knight Crusadia Avramax', 'Dingirsu, the Orcust of the Evening Star', 'Baronne de Fleur', 'Blue-Eyes Tyrant Dragon', 'True Light', 'The Ultimate Creature of Destruction', 'Vision with Eyes of Blue', 'Ultimate Fusion', 'Monster Reborn', 'Upstart Goblin', 'Maiden with Eyes of Blue', 'The White Stone of Legend', 'Dictator of D.', 'Blue-Eyes Abyss Dragon', 'Chaos Dragon Levianeer', 'Blue-Eyes Jet Dragon', 'Red-Eyes Darkness Metal Dragon', 'Blue-Eyes White Dragon']"
Meta Harpie Lady Deck 2022,"['Imduk the World Chalice Dragon', 'Barricadeborg Blocker', 'Tri-Brigade Ferrijit the Barren Blossom', 'Pentestag', 'Harpie Conductor', 'Simorgh, Bird of Sovereignty', 'Lightning Chidori', 'Ice Beast Zerofyne', ""Harpie's Pet Phantasmal Dragon"", 'Number 39: Utopia Double', 'Number 39: Utopia', 'Divine Arsenal AA-ZEUS - Sky Thunder', 'Cyber Slash Harpie Lady', 'Icarus Attack', ""Harpie's Feather Storm"", 'Back to the Front', 'Mind Drain', 'Hysteric Party', 'Double or Nothing!', 'Unexpected Dai', 'Triple Tactics Talent', 'Small World', ""Harpie's Feather Rest"", ""Harpie's Feather Duster"", 'Elegant Egotist', ""Harpies' Hunting Ground"", 'Hysteric Sign', 'Effect Veiler', 'Droll & Lock Bird', 'Barrier Statue of the Stormwinds', 'Harpie Oracle', 'Harpie Perfumer', 'Harpie Channeler', 'Harpie Harpist', 'Harpie Queen', 'Harpie Lady']"
Modern Day Yusei Fudo Deck,"['Gaia Saber, the Lightning Shadow', 'Encode Talker', 'Decode Talker', 'Formula Synchron', 'Stardust Chronicle Spark Dragon', 'Stardust Spark Dragon', 'Stardust Sifr Divine Dragon', 'Stardust Xiaolong', 'Turbo Warrior', 'Nitro Warrior', 'Majestic Star Dragon', 'Topologic Bomber Dragon', 'Borreload Dragon', 'Junk Archer', 'Junk Warrior', 'Junk Gardna', 'Junk Destroyer', 'Stardust Warrior', 'Stardust Charge Warrior', 'Stardust Assault Warrior', 'Stardust Dragon', 'Synchro Strike', 'Synchro Cracker', 'Synchro Change', 'Synchro Call', 'Synchro Boost', 'Synchro Barrier', 'Synchro Blast Wave', 'Miracle Synchro Fusion', 'De-Synchro', 'Stardust Shimmer', 'Stardust Re-Spark', 'Stardust Flash', 'Starlight Road', 'Starlight Junktion', 'Junk Giant', 'Quickdraw Synchron', 'Majestic Dragon', 'Debris Dragon', 'Junk Anchor', 'Junk Breaker', 'Junk Defender', 'Junk Servant', 'Quillbolt Hedgehog', 'Turbo Synchron', 'Nitro Synchron', 'Stardust Phantom', 'Junk Synchron']"
My Dragonmaid deck MASTER DUEL 2022,"['Progleo', 'Link Spider', 'Rasterliger', 'Decode Talker', 'Number 5: Doom Chimera Dragon', 'Number 46: Dragluon', 'Dragonmaid Sheou', 'Dragonmaid Tidying', 'Book of Moon', 'Pot of Prosperity', 'Chamber Dragonmaid', 'Fantastical Dragon Phantazmay', 'Performapal Odd-Eyes Dissolver']"
My Sky striker MASTER DUEL 2022,"['Ningirsu the World Chalice Warrior', 'Hiita the Fire Charmer, Ablaze', 'Sky Striker Ace - Kaina', 'Sky Striker Ace - Zeke', 'Sky Striker Ace - Shizuku', 'Sky Striker Ace - Kagari', 'Sky Striker Ace - Hayate', 'There Can Be Only One', 'Sky Striker Mobilize - Engage!', 'Sky Striker Mecha Modules - Multirole', 'Sky Striker Mecha - Widow Anchor', 'Sky Striker Mecha - Shark Cannon', 'Sky Striker Mecha - Hornet Drones', 'Sky Striker Mecha - Eagle Booster', 'Sky Striker Maneuver - Jamming Waves!', 'Sky Striker Maneuver - Afterburners!', 'Sky Striker Airspace - Area Zero', 'Chicken Game', 'Sky Striker Ace - Roze', 'Sky Striker Ace - Raye']"
My Thunder Dragon Deck- MASTER DUEL 2022,"['Linkuriboh', 'Predaplant Verte Anaconda', 'Cross-Sheep', 'Geonator Transverser', 'Some Summer Summoner', 'Triple Burst Dragon', 'Ningirsu the World Chalice Warrior', 'Thunder Dragon Thunderstormech', 'Kaminari Attack', 'Sea Monster of Theseus', 'Twin-Headed Thunder Dragon', 'Thunder Dragon Colossus', 'Thunder Dragon Titan', 'Book of Moon', 'Thunder Dragon Fusion', 'Raigeki', 'Instant Fusion', 'Chaos Space', 'Allure of Darkness', 'Thunder Dragonmatrix', 'Maxx ""C""', 'Ash Blossom & Joyous Spring', 'Batteryman Solar', 'Aloof Lupine', 'White Dragon Wyverburster', 'Black Dragon Collapserpent', 'Thunder Dragondark', 'Thunder Dragon', 'Thunder Dragonhawk', 'Thunder Dragonroar', 'The Chaos Creator', 'Thunder Dragonduo', 'Chaos Emperor, the Dragon of Armageddon', 'Thunder Dragonlord']"
Nordic Deck,"['Thor, Lord of the Aesir', 'Odin, Father of the Aesir', 'Loki, Lord of the Aesir', 'Gullveig of the Nordic Ascendant', 'The Nordic Lights', 'Nordic Relic Draupnir', 'Level Limit - Area B', 'Gravity Bind', 'Nordic Relic Megingjord', 'Nordic Relic Laevateinn', 'Nordic Relic Gungnir', 'Nordic Relic Brisingamen', 'Gleipnir, the Fetters of Fenrir', 'Vanadis of the Nordic Ascendant', 'Valkyrie of the Nordic Ascendant', 'Tyr of the Nordic Champions', 'Tanngrisnir of the Nordic Beasts', 'Tanngnjostr of the Nordic Beasts', 'Svartalf of the Nordic Alfar', 'Mimir of the Nordic Ascendant', 'Mara of the Nordic Alfar', 'Ljosalf of the Nordic Alfar', 'Jormungardr the Nordic Serpent', 'Guldfaxe of the Nordic Beasts', 'Garmr of the Nordic Beasts', 'Fenrir the Nordic Wolf', 'Dverg of the Nordic Alfar', 'Alviss of the Nordic Alfar']"
Number iC1000: Numeronius Numeronia Deck,"['Crossout Designator', 'Numeron Storm', 'Sauravis, the Ancient and Ascended', 'Infinitrack Fortress Megaclops', 'Number 3: Numeron Gate Trini', 'Number 2: Numeron Gate Dve', 'Number 1: Numeron Gate Ekam', 'Number 4: Numeron Gate Catvari', 'Number C1: Numeron Chaos Gate Sunya', 'Number C1000: Numerounius', 'Number iC1000: Numerounius Numerounia', 'PSY-Framelord Omega', 'Jar of Avarice', 'Numeron Network', 'Called by the Grave', 'Memories of Hope', 'Numeron Calling', 'Numeron Chaos Ritual', 'One Day of Peace', ""Harpie's Feather Duster"", 'Numeron Wall', 'Swift Scarecrow', 'Ash Blossom & Joyous Spring', 'Unchained Twins - Rakea', 'Unchained Twins - Aruha', 'Planet Pathfinder']"
Pepe deck (Performapal Performage),"['Number F0: Utopic Future', 'Traptrix Rafflesia', 'Tellarknight Ptolemaeus', 'Abyss Dweller', 'Daigusto Emeral', 'Majester Paladin, the Ascending Dracoslayer', 'Diamond Dire Wolf', 'Castel, the Skyblaster Musketeer', 'King of the Feral Imps', 'Performage Trapeze Magician', 'Ignister Prominence, the Blasting Dracoslayer', 'Dinoster Power, the Mighty Dracoslayer', 'Treacherous Trap Hole', 'Bottomless Trap Hole', 'Wavering Eyes', 'Draco Face-Off', 'Performapal Guitartle', 'Performapal Lizardraw', 'Performage Mirror Conductor', 'Performage Plushfire', 'Performage Hat Tricker', 'Performapal Pendulum Sorcerer', 'Performage Damage Juggler', 'Performage Trick Clown', 'Performapal Skullcrobat Joker', 'Luster Pendulum, the Dracoslayer', 'Performapal Monkeyboard', 'Vector Pendulum, the Dracoverlord', 'Master Pendulum, the Dracoslayer']"
Pure Galaxy-Eyes 2020,"['Thunder End Dragon', 'Divine Dragon Knight Felgrand', 'Number 38: Hope Harbinger Dragon Titanic Galaxy', 'Number 97: Draglubion', 'Galaxy-Eyes Solflare Dragon', 'Cyber Dragon Infinity', 'Cyber Dragon Nova', 'Number 90: Galaxy-Eyes Photon Lord', 'Number 62: Galaxy-Eyes Prime Photon Dragon', 'Number 107: Galaxy-Eyes Tachyon Dragon', 'Galaxy-Eyes Full Armor Photon Dragon', 'Galaxy-Eyes Cipher Dragon', 'Galaxy-Eyes Cipher Blade Dragon', 'Tachyon Transmigration', 'Called by the Grave', 'Galaxy Zero', 'Trade-In', 'Return of the Dragon Lords', 'Photon Sanctuary', 'Monster Reborn', 'Galaxy Trance', 'Galaxy Expedition', 'Accellight', 'Photon Vanisher', 'Photon Orbital', 'Galaxy Wizard', 'Galaxy Soldier', 'Galaxy-Eyes Photon Dragon', 'Galaxy Knight']"
Red Dragon Archfiend Deck,"['Red Rising Dragon', 'Red Dragon Archfiend', 'Hot Red Dragon Archfiend', 'Scarlight Red Dragon Archfiend', 'Hot Red Dragon Archfiend Bane', 'Tyrant Red Dragon Archfiend', 'Red Nova Dragon', 'Hot Red Dragon Archfiend King Calamity', 'Crimson Fire', 'King Scarlet', 'Red Screen', 'Windstorm of Etaqua', 'Red Supremacy', 'Red Carpet', 'Red Cocoon', 'Resonant Destruction', 'Red Dragon Vase', 'Scarlet Security', 'Synchro Cracker', 'Resonator Call', 'Resonator Engine', 'Red Mirror', 'Chain Resonator', 'Force Resonator', 'Red Resonator', 'Clock Resonator', 'Dark Resonator', 'Red Gardna', 'Guerilla Kite', 'Red Sprinter', 'Red Warg']"
Red Eyes Black Dragon,"['Topologic Trisbaena', 'Hieratic Seal of the Heavenly Spheres', 'Darkness Metal, the Dragon of Dark Steel', 'Red-Eyes Flare Metal Dragon', 'Red-Eyes Slash Dragon', 'Meteor Black Comet Dragon', 'Archfiend Black Skull Dragon', 'Return of the Red-Eyes', 'Red-Eyes Spirit', 'United We Stand', 'Mage Power', 'Axe of Despair', 'Red-Eyes Fusion', 'Cards of the Red Stone', 'The Black Stone of Legend', 'Black Metal Dragon', 'Red-Eyes Baby Dragon', 'Red-Eyes Wyvern', 'Red-Eyes Retro Dragon', 'Gearfried the Red-Eyes Iron Knight', 'Meteor Dragon Red-Eyes Impact', 'Red-Eyes Alternative Black Dragon', 'Red-Eyes Darkness Metal Dragon', 'Summoned Skull', 'Red-Eyes Black Dragon']"
Red-Eyes 2017 (via LEO) V0.1,"['Red-Eyes Transmigration', 'Dark Dragon Ritual', 'Draconnection', 'Stamping Destruction', 'Paladin of Dark Dragon', 'Lord of the Red', ""Black Dragon's Chick"", 'Malefic Red-Eyes Black Dragon', 'Summoned Skull', 'Red-Eyes Slash Dragon', 'Meteor Black Comet Dragon', 'Archfiend Black Skull Dragon', 'Solemn Warning', 'Drowning Mirror Force', 'Red-Eyes Spirit', 'Storming Mirror Force', 'Raigeki Break', 'Half Unbreak', 'Red-Eyes Insight', 'Upstart Goblin', 'Inferno Fire Blast', 'Dragon Shrine', 'Cards of the Red Stone', 'Raigeki', 'Red-Eyes Fusion', 'The Black Stone of Legend', 'Black Metal Dragon', 'Carboneddon', 'Red-Eyes Baby Dragon', 'Red-Eyes Retro Dragon', 'Gearfried the Red-Eyes Iron Knight', 'Red-Eyes Wyvern', 'Meteor Dragon Red-Eyes Impact', 'Red-Eyes Archfiend of Lightning', 'Red-Eyes Black Flare Dragon', 'Red-Eyes Zombie Dragon', 'Red-Eyes Darkness Dragon', 'Summoned Skull', 'Red-Eyes Black Dragon']"
Salamangreat World Championship 2019 - 1st Place,"['Imperial Order', 'Ghost Belle & Haunted Mansion', 'Lady Debug', 'Gameciel, the Sea Turtle Kaiju', 'Salamangreat Sunlight Wolf', 'Salamangreat Heatleo', 'Salamangreat Balelynx', 'Hiita the Fire Charmer, Ablaze', 'Borreload Dragon', 'Salamangreat Miragestallio', 'Number 41: Bagooska the Terribly Tired Tapir', 'Abyss Dweller', 'Salamangreat Roar', 'Salamangreat Rage', 'Infinite Impermanence', 'Salamangreat Circle', 'Will of the Salamangreat', 'Salamangreat Sanctuary', 'Mind Control', 'Cynet Mining', 'Effect Veiler', 'Salamangreat Spinny', 'Salamangreat Gazelle', 'Salamangreat Foxy', 'Flame Bufferlo', 'Salamangreat Jack Jaguar', 'Salamangreat Falco']"
Seto Kaiba,"['YZ-Tank Dragon', 'XY-Dragon Cannon', 'XZ-Tank Cannon', 'XYZ-Dragon Cannon', 'Doom Virus Dragon', 'Tyrant Burst Dragon', 'Blue-Eyes Ultimate Dragon', 'Negate Attack', ""Dragon's Rage"", 'Shadow Spell', 'Interdimensional Matter Transporter', 'Tyrant Wing', 'Ring of Destruction', 'Crush Card Virus', 'Crush Card Virus', 'White Dragon Ritual', 'Ring of Defense', 'Shrink', 'Enemy Controller', 'The Fang of Critias', 'Polymerization', 'Card of Demise', 'Graceful Charity', 'Pot of Greed', 'The Flute of Summoning Dragon', 'Soul Exchange', 'Des Feral Imp', 'Kaiser Sea Horse', 'Battle Ox', 'Vorse Raider', 'Blade Knight', 'Z-Metal Tank', 'Y-Dragon Head', 'X-Head Cannon', 'Ryu-Kishin Powered', 'Lord of D.', 'Different Dimension Dragon', 'Twin-Headed Behemoth', 'Spear Dragon', 'Kaiser Glider', 'Chaos Emperor Dragon - Envoy of the End', 'Luster Dragon #2', 'Paladin of White Dragon', 'Blue-Eyes White Dragon', 'Obelisk the Tormentor']"
Seto Kaiba DarkSide of Dimensions Deck,"['Buster Blader, the Dragon Destroyer Swordsman', 'Amulet Dragon', 'Blue-Eyes Twin Burst Dragon', 'Neo Blue-Eyes Ultimate Dragon', 'Five-Headed Dragon', 'Blue-Eyes Ultimate Dragon', 'Castle of Dragon Souls', 'Krystal Avatar', 'Induced Explosion', 'Counter Gate', ""Silver's Cry"", ""Dragon's Fighting Spirit"", 'Solidarity', 'Future Fusion', ""Dragon's Mirror"", 'Dragon Shrine', 'Cards of Consonance', 'The White Stone of Legend', 'The White Stone of Ancients', 'Sage with Eyes of Blue', 'Protector with Eyes of Blue', 'Master with Eyes of Blue', 'Maiden with Eyes of Blue', 'Totem Dragon', 'Lord of D.', 'Assault Wyvern', 'Kaiser Vorse Raider', 'Krystal Dragon', 'Pandemic Dragon', 'Dragon Spirit of White', 'Blue-Eyes Solid Dragon', 'Berserk Dragon', 'Obelisk the Tormentor', 'Deep-Eyes White Dragon', 'Alexandrite Dragon', 'Blue-Eyes White Dragon']"
Shaddoll 2020,"['Twin Twisters', 'Mind Control', 'Instant Fusion', 'Knightmare Unicorn', 'Thousand-Eyes Restrict', 'Effect Veiler', 'Droll & Lock Bird', 'D.D. Crow', 'Cross-Sheep', 'Shaddoll Construct', 'Mudragon of the Swamp', 'El Shaddoll Winda', 'El Shaddoll Wendigo', 'El Shaddoll Apkallone', 'Earth Golem @Ignister', 'El Shaddoll Grysta', 'Starving Venom Fusion Dragon', 'El Shaddoll Construct', 'El Shaddoll Anoyatyllis', 'El Shaddoll Shekhinaga', 'Resh Shaddoll Incarnation', 'Shaddoll Core', 'Emergency Teleport', 'El Shaddoll Fusion', 'Shaddoll Fusion', 'Foolish Burial', 'Shaddoll Falco', 'Ghost Ogre & Snow Rabbit', 'Ash Blossom & Joyous Spring', 'Shaddoll Hedgehog', 'Mathematician', 'Reeshaddoll Wendi', 'Naelshaddoll Ariel', 'Performage Hat Tricker', 'Performage Damage Juggler', 'Performage Trick Clown', 'Shaddoll Squamata', 'Shaddoll Dragon', 'Shaddoll Beast']"
Shooting Quasar Dragon,"['Galaxy Cyclone', 'Tatsunoko', 'Junk Gardna', 'Power Tool Dragon', 'Black-Winged Dragon', 'Red Supernova Dragon', 'Junk Connector', 'Assault Blackwing - Sayo the Rain Hider', 'Underworld Fighter Balmung', 'T.G. Hyper Librarian', 'Junk Berserker', 'Shooting Quasar Dragon', 'Draining Shield', 'Darksea Rescue', 'Tuningware']"
Six Samurai 2020,"['Evenly Matched', 'Red Reboot', 'Exchange', 'Battle Shogun of the Six Samurai', 'Isolde, Two Tales of the Noble Knights', 'Saryuja Skull Dread', 'Daigusto Emeral', 'Herald of the Arc Light', 'Legendary Six Samurai - Shi En', 'Borreload Savage Dragon', 'Temple of the Six', 'Living Fossil', 'Six Samurai United', ""Shien's Dojo"", 'Gateway of the Six', 'World Legacy Succession', ""Shien's Smoke Signal"", 'Reinforcement of the Army', 'Dark Ruler No More', 'Secret Six Samurai - Fuma', 'Secret Six Samurai - Hatsume', 'Legendary Secret of the Six Samurai', 'Secret Six Samurai - Kizaru', 'Legendary Six Samurai - Kageki', 'Legendary Six Samurai - Shinai', 'Legendary Six Samurai - Mizuho', 'Legendary Six Samurai - Kizan', 'Grandmaster of the Six Samurai', 'Great Shogun Shien']"
Six Samurai Deck,"['Secret Six Samurai - Rihan', 'Legendary Six Samurai - Shi En', 'Shadow of the Six Samurai - Shien', 'Reinforcements', 'Double-Edged Sword Technique', 'The Six Shinobi', 'That Six', 'Sixth Sense', 'Six Style - Dual Wield', 'Six Strike - Thunder Blast', 'Return of the Six Samurai', ""Shien's Scheme"", ""Shien's Smoke Signal"", ""Shien's Dojo"", ""Shien's Castle of Mist"", 'Temple of the Six', 'Six Strike - Triple Impact', 'Six Scrolls of the Samurai', 'Six Samurai United', 'Secret Skills of the Six Samurai', 'Gateway of the Six', 'Cunning of the Six Samurai', 'Asceticism of the Six Samurai', 'Monster Reincarnation', 'Reinforcement of the Army', 'The Warrior Returning Alive', 'Spirit of the Six Samurai', 'Double Resonator', 'Tenkabito Shien', ""Shien's Footsoldier"", ""Shien's Daredevil"", ""Shien's Advisor"", ""Enishi, Shien's Chancellor"", 'Great Shogun Shien', 'The Six Samurai - Zanji', 'The Six Samurai - Yariza', 'The Six Samurai - Yaichi', 'The Six Samurai - Nisashi', 'The Six Samurai - Kamon', 'The Six Samurai - Irou', 'Secret Six Samurai - Kizaru', 'Secret Six Samurai - Hatsume', 'Secret Six Samurai - Doji', 'Legendary Six Samurai - Shinai', 'Legendary Six Samurai - Mizuho', 'Legendary Six Samurai - Kizan', 'Legendary Six Samurai - Kageki', 'Legendary Six Samurai - Enishi', 'Legendary Secret of the Six Samurai', 'Hand of the Six Samurai', 'Grandmaster of the Six Samurai', 'Elder of the Six Samurai']"
Slifer The Sky Dragon,"['Call of the Haunted', 'Spellbinding Circle', 'Quaking Mirror Force', 'Appropriate', 'Mound of the Bound Creator', 'Soul Charge', 'The Monarchs Stormforth', 'Cost Down', 'Infinite Cards', 'Chainsaw Insect', ""Ra's Disciple"", 'Scapeghost', 'Marshmallon', 'Aroma Jar', 'Spirit Reaper', 'Slifer the Sky Dragon']"
Spright Runick,"['Red Resonator', 'Chaos Hunter', 'Thunder King Rai-Oh', 'Testudo erat Numen', 'Dharc the Dark Charmer, Gloomy', 'Spright Elf', 'Gigantic Spright', 'Number 65: Djinn Buster', 'Onibimaru Soul Sweeper', 'Number 29: Mannequin Cat', 'Hugin the Runick Wings', 'Geri the Runick Fangs', 'Runick Smiting Storm', 'Runick Dispelling', 'Runick Destruction', 'Runick Flashing Fire', 'Runick Slumber', 'Runick Tip', 'Runick Freezing Curses', 'Spright Smashers', 'Runick Fountain', 'Spright Starter', 'Wind-Up Kitten', 'Capshell', 'Ipiria', 'Spright Carrot', 'Spright Blue', 'Spright Red', 'Spright Jet', 'Lava Golem']"
Stardust Deck,"['Counter Counter', 'Follow Wing', 'Imperial Iron Wall', 'Revival Gift', 'Reanimation Wave', 'Shadow Impulse', 'Double Summon', 'Jet Warrior', 'Stardust Charge Warrior', 'Stardust Spark Dragon', 'Jet Synchron', 'Shiba-Warrior Taro', 'Dragon Knight Draco-Equiste', 'Witch of the Black Forest', 'Formula Synchron', 'Accel Synchron', 'Junk Warrior', 'Turbo Warrior', 'Junk Archer', 'Nitro Warrior', 'Stardust Dragon', 'Junk Destroyer', 'Stardust Warrior', 'Stardust Sifr Divine Dragon', 'Cosmic Blazar Dragon', 'Solemn Strike', 'Urgent Tuning', 'Scrap-Iron Scarecrow', 'Mirror Force', 'Synchro Deflector', 'Level Retuner', 'Starlight Road', 'Trap Stun', 'Starlight Junktion', 'Silver Wing', 'Limit Overdrive', 'Scrap Fist', 'Shrink', 'Double Cyclone', 'Mystical Space Typhoon', 'Stardust Shimmer', 'Mind Control', 'Turbo Synchron', 'Nitro Synchron', 'Junk Synchron', 'Quickdraw Synchron', 'Sonic Chick', 'Shield Wing', 'Synchron Explorer', 'Rush Warrior', 'Quillbolt Hedgehog', 'Speed Warrior', 'Junk Defender', 'Sangan', 'Junk Servant', 'Justice Bringer', 'Trident Warrior', 'Rockstone Warrior', 'Junk Breaker', 'Bright Star Dragon', 'Thunder King Rai-Oh', 'Junk Giant']"
Stardust deck,"['Stardust Wish', 'Cosmic Flare', 'Reasoning', 'Star Blast', 'Mind Control', 'Stardust Spark Dragon', 'PSY-Framelord Omega', 'Delta Flyer', 'Photon Thrasher', 'Junk Giant', 'Formula Synchron', 'Accel Synchron', 'Junk Speeder', 'Stardust Charge Warrior', 'Stardust Assault Warrior', 'Shooting Riser Dragon', 'Black Rose Dragon', 'Stardust Dragon', 'Junk Destroyer', 'Crystal Wing Synchro Dragon', 'Satellite Warrior', 'Stardust Chronicle Spark Dragon', 'Shooting Star Dragon', 'Shooting Quasar Dragon', 'Scrap-Iron Scarecrow', 'Back to the Front', 'Stardust Flash', 'Tuning', 'Monster Reborn', 'Foolish Burial', 'Reinforcement of the Army', 'Raigeki', 'One for One', 'Unknown Synchron', 'Jester Confit', 'Jet Synchron', 'Synchron Explorer', 'Satellite Synchron', 'Doppelwarrior', 'Quillbolt Hedgehog', 'Spell Striker', 'Junk Forward', 'Junk Synchron', 'Junk Servant', 'Quickdraw Synchron', 'The Tricky']"
Sword Soul,"['Yazi, Evil of the Yang Zing', 'Token Collector', 'Ghost Belle & Haunted Mansion', 'Droll & Lock Bird', 'Shooting Riser Dragon', 'Divine Arsenal AA-ZEUS - Sky Thunder', 'Number 41: Bagooska the Terribly Tired Tapir', 'Virtual World Kyubi - Shenshen', 'Draco Berserker of the Tenyi', 'Ruddy Rose Dragon', 'Baronne de Fleur', 'Crimson Blader', 'PSY-Framelord Omega', 'Baxia, Brightness of the Yang Zing', 'Adamancipator Risen - Dragite', 'Swordsoul Grandmaster - Chixiao', 'Swordsoul Supreme Sovereign - Chengying', 'Magikey Beast - Ansyalabolas', 'Swordsoul Blackout', 'Imperial Order', 'Swordsoul Sacred Summit', 'Swordsoul Emergence', 'PSY-Frame Driver', 'PSY-Framegear Gamma', 'Incredible Ecclesia, the Virtuous', 'The Iris Swordsoul', 'Swordsoul of Mo Ye', 'Swordsoul of Taia', 'Swordsoul Strategist Longyuan']"
Synchron Deck for Master Duel,"['Beelzeus of the Diabolic Dragons', 'Shooting Star Dragon', 'Trishula, Dragon of the Ice Barrier', 'Crystal Wing Synchro Dragon', 'Black Rose Dragon', 'Brionac, Dragon of the Ice Barrier', 'Junk Speeder', 'Armory Arm', 'Martial Metal Marcher', 'Shard of Greed', 'Lightning Storm', 'Necroid Synchro', 'Tuning', 'One for One', 'Reinforcement of the Army', 'Foolish Burial', 'Monster Reborn', 'Dark Hole', 'Gameciel, the Sea Turtle Kaiju', 'Satellite Synchron', 'Mathematician', 'Junk Converter', 'PSY-Framegear Gamma', 'Doppelwarrior', 'Synchron Carrier', 'Fleur Synchron', 'Cyberse Synchron', 'Dotscaper', 'Boost Warrior', 'Turbo Booster', 'PSY-Frame Driver']"
Tearalaments Ishizu,"['Infinite Impermanence', 'Crossout Designator', 'Dark Ruler No More', 'Ghost Ogre & Snow Rabbit', 'Ghost Belle & Haunted Mansion', 'Divine Arsenal AA-ZEUS - Sky Thunder', 'Number 41: Bagooska the Terribly Tired Tapir', 'Time Thief Redoer', 'Abyss Dweller', 'Knightmare Unicorn', 'Spright Elf', 'Barricadeborg Blocker', 'Baronne de Fleur', 'Predaplant Dragostapelia', 'El Shaddoll Winda', 'Tearlaments Kitkallos', 'Tearlaments Kaleido-Heart', 'Tearlaments Rulkallos', ""Gravekeeper's Trap"", 'Exchange of Despair and Hope', 'Tearlaments Cryme', 'Primeval Planet Perlereino', 'Herald of Orange Light', 'Diviner of the Herald', 'Kelbek the Ancient Vanguard', 'Agido the Ancient Sentinel', 'Mudora the Sword Oracle', 'Keldo the Sacred Protector', 'Tearlaments Merrli', 'Tearlaments Havnis', 'Tearlaments Scheiren', 'Tearlaments Reinoheart', 'Shaddoll Squamata', 'Shaddoll Beast']"
The God Cards (via Kidhero1000) V0.1,"['Malevolent Catastrophe', 'Not Found', 'Magical Mallet', 'Gold Sarcophagus', 'Kuraz the Light Monarch', 'Holactie the Creator of Light', 'Call of the Haunted', 'Dimension Guardian', 'The First Monarch', 'Jar of Avarice', 'Mound of the Bound Creator', 'Mystik Wok', 'The Monarchs Stormforth', 'Card Advance', 'The True Name', 'Scapeghost', 'Aroma Jar', 'Cardcar D', 'Nimble Momonga', 'Marshmallon', 'Silent Wobby', ""Ra's Disciple"", 'Mobius the Mega Monarch', 'The Winged Dragon of Ra - Sphere Mode', 'The Winged Dragon of Ra - Immortal Phoenix', 'Obelisk the Tormentor']"
Toon Deck 2022 for Master Duel,"['Underworld Goddess of the Closed World', 'Abyss Dweller', 'Tornado Dragon', 'Bahamut Shark', 'Number 38: Hope Harbinger Dragon Titanic Galaxy', 'Relinquished Anima', 'Toadally Awesome', 'Toon Terror', ""Harpie's Feather Duster"", 'Pot of Extravagance', 'Mimicat', 'Comic Hand', 'Toon Page-Flip', 'Toon Bookmark', 'Toon Harpie Lady', 'Toon Black Luster Soldier']"
Toon deck,"['Call of the Haunted', 'Toon Defense', 'Toon Mask', 'Toon Briefcase', 'Swords of Revealing Light', 'Enemy Controller', 'Pot of Greed', 'Monster Reborn', 'Toon World', 'Toon World', 'Toon Kingdom', 'Toon Table of Contents', 'Toon Rollback', 'Shadow Toon', 'The Black Stone of Legend', 'Parrot Dragon', 'Toon Alligator', 'Toon Ancient Gear Golem', 'Manga Ryu-Ran', 'Blue-Eyes Toon Dragon', 'Toon Buster Blader', 'Toon Barrel Dragon', 'Toon Dark Magician', 'Red-Eyes Toon Dragon', 'Toon Summoned Skull', 'Toon Dark Magician Girl', 'Toon Cyber Dragon', 'Toon Goblin Attack Force', 'Toon Masked Sorcerer', 'Toon Cannon Soldier', 'Toon Gemini Elf', 'Toon Mermaid']"
Tri-Brigade Lyrilusc,"[""Harpie's Feather Storm"", 'Red Reboot', 'Lightning Storm', 'PSY-Frame Driver', 'PSY-Framegear Gamma', 'Nibiru, the Primal Being', 'Ancient Warriors Oath - Double Dragon Lords', 'Salamangreat Almiraj', 'Tri-Brigade Ferrijit the Barren Blossom', 'Simorgh, Bird of Sovereignty', 'Accesscode Talker', 'Tri-Brigade Shuraig the Ominous Omen', 'Tri-Brigade Rugal the Silver Sheller', 'Apollousa, Bow of the Goddess', 'Lyrilusc - Ensemblue Robin', 'Lyrilusc - Recital Starling', 'Lyrilusc - Assembled Nightingale', 'Number F0: Utopic Draco Future', 'Number F0: Utopic Future', 'Divine Arsenal AA-ZEUS - Sky Thunder', 'Infinite Impermanence', 'Pot of Desires', 'Forbidden Droplet', 'Lyrilusc - Bird Call', 'Triple Tactics Talent', 'Foolish Burial', 'Fire Formation - Tenki', 'One for One', 'Mist Valley Apex Avian', 'D.D. Crow', 'Lyrilusc - Celestine Wagtail', 'Lyrilusc - Beryl Canary', 'Lyrilusc - Cobalt Sparrow', 'Lyrilusc - Turquoise Warbler', 'Lyrilusc - Sapphire Swallow', 'Tri-Brigade Kitt', 'Tri-Brigade Kerass', 'Tri-Brigade Nervall', 'Tri-Brigade Fraktall']"
Unbreakable Numeron Deck 2021,"['Number iC1000: Numerounius Numerounia', 'Number C1000: Numerounius', 'Number 3: Numeron Gate Trini', 'Number 4: Numeron Gate Catvari', 'Number 2: Numeron Gate Dve', 'Number 1: Numeron Gate Ekam', 'Number C1: Numeron Chaos Gate Sunya', 'Infinitrack Fortress Megaclops', 'Red Reboot', 'Hey, Trunade!', 'Forbidden Droplet', ""Dark Spirit's Mastery"", 'Lava Golem', 'Unchained Twins - Aruha', 'Left Arm Offering', 'Unchained Twins - Rakea', 'Planet Pathfinder', 'One Day of Peace', 'Terraforming', 'Numeron Chaos Ritual', 'Numeron Wall', 'Numeron Calling', 'Numeron Network']"
Winged Dragon of Ra - 2020,"['Triple Tactics Talent', 'Egyptian God Slime', 'Secure Gardna', 'Linkuriboh', 'Sun God Unification', 'Metal Reflect Slime', 'Blaze Cannon', 'Millennium Revelation', 'Ancient Chant', 'Pot of Extravagance', 'Volcanic Rocket', 'Reactor Slime', 'Guardian Slime', ""Ra's Disciple"", 'The Winged Dragon of Ra - Sphere Mode', 'The Winged Dragon of Ra', 'The Winged Dragon of Ra - Immortal Phoenix']"
Winged Dragon of Ra Deck,"['Dark Bribe', 'Royal Decree', 'The First Monarch', 'Magic Cylinder', 'Draining Shield', 'The Monarchs Stormforth', 'Legacy of the Duelist', 'Mound of the Bound Creator', 'The True Name', 'Raigeki', 'Card Advance', 'Marshmacaron', 'Aroma Jar', 'Nimble Momonga', 'Marshmallon', 'Deep Diver', ""Ra's Disciple"", 'Phantom of Chaos', 'The Winged Dragon of Ra - Sphere Mode', 'The Winged Dragon of Ra - Immortal Phoenix', 'The Winged Dragon of Ra']"
World Championship 2016 Deck,"['Mask of Restrict', 'Xyz Universe', 'Magical Spring', 'Forbidden Chalice', 'Dark Hole', 'The Fabled Catsith', 'Ally of Justice Cycle Reader', 'Cyber Dragon Infinity', 'Alsei, the Sylvan High Protector', 'Hieratic Sun Dragon Overlord of Heliopolis', 'Number 46: Dragluon', 'Number 62: Galaxy-Eyes Prime Photon Dragon', ""Vanity's Emptiness"", 'Phoenix Wing Wind Blast', 'Cards of Consonance', 'Effect Veiler']"
World Championship 2017 Deck,"['Solemn Warning', 'Solemn Strike', 'Mask of Restrict', 'Different Dimension Ground', 'Skull Meister', 'Castel, the Skyblaster Musketeer', 'Evolzar Laggia', 'Phantom Fortress Enterblathnir', 'True King of All Calamities', 'Herald of the Arc Light', 'Denglong, First of the Yang Zing', 'Hi-Speedroid Chanbara', 'Black Rose Dragon', 'Yazi, Evil of the Yang Zing', 'Baxia, Brightness of the Yang Zing', 'Cloudcastle', 'Trishula, Dragon of the Ice Barrier', 'Leo, the Keeper of the Sacred Tree', 'Nine Pillars of Yang Zing', 'Lost World', 'Dragonic Diagram', 'Fossil Dig', 'Yang Zing Path', 'Chiwen, Light of the Yang Zing', 'Jurrac Aeolo', 'Maxx ""C""', 'Petiteranodon', 'Babycerasaurus', ""Bi'an, Earth of the Yang Zing"", 'Souleating Oviraptor', 'Miscellaneousaurus', 'Suanni, Fire of the Yang Zing', 'True King Lithosagym, the Disaster', 'True King Agnimazud, the Vanisher', 'Ultimate Conductor Tyranno']"
Yami Marik - Battle City,"['Jam Defender', 'Relieve Monster', ""Fiend's Hand Mirror"", 'Jam Breeding Machine', 'Polymerization', 'Machine Duplication', 'The Mask of Remnants', 'Card of Sanctity', 'Viser Des', 'Legendary Fiend', 'Masked Beast Des Gardius', 'Worm Drake', 'Grand Tiki Elder', 'Humanoid Worm Drake', 'Nightmare Wheel', 'Coffin Seller', 'Hidden Soldiers', 'Rope of Life', 'Malevolent Catastrophe', 'Black Pendant', 'Premature Burial', 'Vengeful Bog Spirit', 'Spell of Pain', 'Magical Stone Excavation', 'Spell Reproduction', 'Left Arm Offering', 'Remove Trap', 'Bait Doll', 'Tribute Burial', 'Bowganian', 'Viser Des', 'Holding Arms', 'Holding Legs', 'Dark Jeroid', 'Newdoria', 'Lord Poison', 'Revival Jam', 'Drillago', 'Makyura the Destructor', 'Juragedo', 'Lekunga', 'Granadora', 'Helpoemer', 'Humanoid Slime', 'Melchid the Four-Face Beast', 'Gil Garth', 'Metal Reflect Slime', 'Lava Golem']"
Yami Yugi,"['Dark Magician Girl the Dragon Knight', 'Amulet Dragon', 'Chimera the Flying Mythical Beast', 'Dark Paladin', 'Arcana Knight Joker', 'Arcana Knight Joker', 'Soul Rope', 'Magic Cylinder', 'Black Illusion', 'Dark Renewal', 'Black Magic Ritual', 'Mystical Space Typhoon', 'De-Fusion', ""Fiend's Sanctuary"", 'The Eye of Timaeus', 'Fissure', 'Swords of Revealing Light', 'Thousand Knives', 'Magic Formula', 'Dark Magic Curtain', 'Magician of Black Chaos', 'Electromagnetic Turtle', 'Obnoxious Celtic Guard', 'Gamma the Magnet Warrior', 'Beta The Magnet Warrior', 'Alpha The Magnet Warrior', 'Valkyrion the Magna Warrior', 'Breaker the Magical Warrior', 'Gazelle the King of Mythical Beasts', 'Berfomet', ""Jack's Knight"", ""King's Knight"", ""Queen's Knight"", 'Skilled Dark Magician', 'Dark Magician Girl', 'Dark Magician', 'The Winged Dragon of Ra', 'Slifer the Sky Dragon']"
Yubel deck,"['Time Machine', 'Mirror Force', 'Limit Reverse', 'Dark Coffin', 'Call of the Haunted', 'Mystical Space Typhoon', 'Exile of the Wicked', 'Swing of Memories', 'Treeborn Frog', 'Doom Shaman', 'Yubel - The Ultimate Nightmare', 'Yubel - Terror Incarnate', 'Yubel', 'Phantom of Chaos', 'Necro Gardna', 'Hand of Nephthys', 'Dark Grepher', 'Kuriboh', 'Sacred Phoenix of Nephthys']"
Yugi Moto Movie Deck (via shinGX) V0.1,"['Dimension Sphinx', ""Magicians' Defense"", 'Spiritual Swords of Revealing Light', 'Dimension Mirage', 'Dimension Guardian', 'Metalhold the Moving Blockade', 'Metamorphortress', 'Magic Cylinder', 'Final Geas', 'Dark Horizon', 'Dig of Destiny', 'Magical Dimension', 'Dark Magic Veil', 'Gold Sarcophagus', 'Magical Contract Door', 'Marshmacaron', 'Clear Kuriboh', 'Berry Magician Girl', 'Lemon Magician Girl', 'Apple Magician Girl', 'Sentry Soldier of Stone', 'Yellow Gadget', 'Red Gadget', 'Green Gadget', 'Silver Gadget', 'Chocolate Magician Girl', 'Gold Gadget', 'Kiwi Magician Girl', 'Silent Swordsman LV5', 'Dark Magician Girl', 'Lord Gaia the Fierce Knight', 'Palladium Oracle Mahad', 'Silent Swordsman LV7', 'Gandora-X the Dragon of Demolition', 'Dark Magician']"
Yugi Muto (Battle City) Deck,"['Time Seal', 'The Regulation of Tribe', 'Spellbinding Circle', 'Seven Tools of the Bandit', 'Mystical Refpanel', 'Magical Hats', 'Light of Intervention', 'Lightforce Sword', 'Dust Tornado', 'Collected Power', 'Chain Destruction', 'Soul Taker', 'Magical Dimension', 'Exchange', 'Double Spell', 'Diffusion Wave-Motion', 'De-Spell', 'Change of Heart', 'Card of Sanctity', 'Card Destruction', 'Brain Control', 'Kuriboh', 'Big Shield Gardna', 'Archfiend of Gilfer', 'Summoned Skull', 'Buster Blader', 'Dark Magician Girl', 'Slifer the Sky Dragon', 'Dark Magician']"
Yusei Fudo - DECK,"['Shooting Star', 'Stardust Re-Spark', 'Converging Wishes', 'Mighty Warrior', 'Colossal Fighter', 'Stardust Warrior', 'Stardust Sifr Divine Dragon', 'Cosmic Blazar Dragon', 'Dragon Knight Draco-Equiste', 'Drill Synchron', 'Junk Blader', 'Colossal Fighter/Assault Mode', 'Junk Warrior', 'Junk Gardna', 'Turbo Warrior', 'Junk Archer', 'Lightning Warrior', 'Junk Berserker', 'Majestic Star Dragon', 'Urgent Tuning', 'Assault Mode Activate', 'Junk Barrage', 'Inferno Reckless Summon', 'Stardust Shimmer', 'Foolish Burial', 'Stardust Phantom', 'Majestic Dragon', 'Turbo Synchron', 'Speed Warrior', 'Hyper Synchron', 'Max Warrior', 'Bright Star Dragon', 'Stardust Dragon/Assault Mode']"
Zodiac Beasts (via Stormesp) V0.1,"['Number F0: Utopic Future', 'M-X-Saber Invoker', 'Zoodiac Broadbull', 'Zoodiac Boarbow', 'Zoodiac Drident', 'Zoodiac Tigermortar', 'Coach King Giantrainer', 'Number 38: Hope Harbinger Dragon Titanic Galaxy', 'Solemn Warning', 'Solemn Strike', 'Zoodiac Combo', 'Drowning Mirror Force', 'Zodiac Sign', 'Fire Formation - Tenki', 'Zoodiac Barrage', 'Fire Formation - Tensu', 'Cattle Call', 'Twin Twisters', 'Xyz Gift', 'Maxx ""C""', 'Speedroid Taketomborg', 'Speedroid Terrortop', 'Zoodiac Ratpier', 'Zoodiac Ramram', 'Zoodiac Bunnyblast', 'Zoodiac Whiptail', 'Zoodiac Thoroughblade', 'Coach Captain Bearman']"
